{"cameraMode":{"drawMode":0,"name":"Shaded","section":"Shading Mode"},"sceneLighting":true,"audioPlay":false,"sceneViewState":{"m_AlwaysRefresh":false,"showFog":true,"showSkybox":true,"showFlares":true,"showImageEffects":true,"showParticleSystems":true,"showVisualEffectGraphs":true,"m_FxEnabled":true},"in2DMode":false,"pivot":{"x":0.2604556381702423,"y":0.26273852586746218,"z":0.4377322793006897},"rotation":{"x":0.13295666873455048,"y":-0.2541579008102417,"z":0.03529815003275871,"w":0.9573296308517456},"size":0.4399125874042511,"orthographic":false}