{"cameraMode":{"drawMode":0,"name":"Shaded","section":"Shading Mode"},"sceneLighting":true,"audioPlay":false,"sceneViewState":{"m_AlwaysRefresh":false,"showFog":true,"showSkybox":true,"showFlares":true,"showImageEffects":true,"showParticleSystems":true,"showVisualEffectGraphs":true,"m_FxEnabled":true},"in2DMode":false,"pivot":{"x":0.01695423200726509,"y":0.9452688097953796,"z":0.24433346092700959},"rotation":{"x":0.1345723271369934,"y":-0.01634913682937622,"z":0.002220254624262452,"w":0.9907689690589905},"size":0.31950271129608157,"orthographic":false}