{"cameraMode":{"drawMode":0,"name":"Shaded","section":"Shading Mode"},"sceneLighting":true,"audioPlay":false,"sceneViewState":{"m_AlwaysRefresh":false,"showFog":true,"showSkybox":true,"showFlares":true,"showImageEffects":true,"showParticleSystems":true,"showVisualEffectGraphs":true,"m_FxEnabled":true},"in2DMode":false,"pivot":{"x":228.92379760742188,"y":143.75497436523438,"z":19.957748413085939},"rotation":{"x":0.09434659034013748,"y":0.01642562635242939,"z":-0.0015568617964163423,"w":0.995402455329895},"size":388.8612365722656,"orthographic":false}