{"cameraMode":{"drawMode":0,"name":"Shaded","section":"Shading Mode"},"sceneLighting":true,"audioPlay":false,"sceneViewState":{"m_AlwaysRefresh":false,"showFog":true,"showSkybox":true,"showFlares":true,"showImageEffects":true,"showParticleSystems":true,"showVisualEffectGraphs":true,"m_FxEnabled":true},"in2DMode":false,"pivot":{"x":-0.5583859086036682,"y":0.014322999864816666,"z":0.02335461974143982},"rotation":{"x":0.09434659034013748,"y":0.01642562635242939,"z":-0.0015568617964163423,"w":0.995402455329895},"size":0.915582001209259,"orthographic":false}