{"cameraMode":{"drawMode":0,"name":"Shaded","section":"Shading Mode"},"sceneLighting":true,"audioPlay":false,"sceneViewState":{"m_AlwaysRefresh":false,"showFog":true,"showSkybox":true,"showFlares":true,"showImageEffects":true,"showParticleSystems":true,"showVisualEffectGraphs":true,"m_FxEnabled":true},"in2DMode":false,"pivot":{"x":-0.16843803226947785,"y":0.277314692735672,"z":0.05500316992402077},"rotation":{"x":0.19212566316127778,"y":-0.041204147040843967,"z":0.0080736568197608,"w":0.9804748296737671},"size":0.08949609100818634,"orthographic":false}