{"cameraMode":{"drawMode":0,"name":"Shaded","section":"Shading Mode"},"sceneLighting":true,"audioPlay":false,"sceneViewState":{"m_AlwaysRefresh":false,"showFog":true,"showSkybox":true,"showFlares":true,"showImageEffects":true,"showParticleSystems":true,"showVisualEffectGraphs":true,"m_FxEnabled":true},"in2DMode":false,"pivot":{"x":-3.7363977432250978,"y":4.501589298248291,"z":-4.079753875732422},"rotation":{"x":-0.22096899151802064,"y":-0.23656326532363892,"z":0.055342547595500949,"w":-0.944543719291687},"size":1.8860111236572266,"orthographic":true}