{"cameraMode":{"drawMode":0,"name":"Shaded","section":"Shading Mode"},"sceneLighting":true,"audioPlay":false,"sceneViewState":{"m_AlwaysRefresh":false,"showFog":true,"showSkybox":true,"showFlares":true,"showImageEffects":true,"showParticleSystems":true,"showVisualEffectGraphs":true,"m_FxEnabled":true},"in2DMode":false,"pivot":{"x":-0.21899764239788056,"y":0.7976197004318237,"z":0.03249348700046539},"rotation":{"x":0.27420562505722048,"y":0.08927563577890396,"z":-0.0255745816975832,"w":0.9571809768676758},"size":0.3665887117385864,"orthographic":false}