{"cameraMode":{"drawMode":0,"name":"Shaded","section":"Shading Mode"},"sceneLighting":true,"audioPlay":false,"sceneViewState":{"m_AlwaysRefresh":false,"showFog":true,"showSkybox":true,"showFlares":true,"showImageEffects":true,"showParticleSystems":true,"showVisualEffectGraphs":true,"m_FxEnabled":true},"in2DMode":false,"pivot":{"x":0.3124241828918457,"y":0.6356573700904846,"z":-0.08912256360054016},"rotation":{"x":0.1345723271369934,"y":-0.01634913682937622,"z":0.002220254624262452,"w":0.9907689690589905},"size":0.3018053472042084,"orthographic":false}