{"cameraMode":{"drawMode":0,"name":"Shaded","section":"Shading Mode"},"sceneLighting":true,"audioPlay":false,"sceneViewState":{"m_AlwaysRefresh":false,"showFog":true,"showSkybox":true,"showFlares":true,"showImageEffects":true,"showParticleSystems":true,"showVisualEffectGraphs":true,"m_FxEnabled":true},"in2DMode":false,"pivot":{"x":0.10688430070877075,"y":0.44168514013290408,"z":2.6314048767089845},"rotation":{"x":0.031236732378602029,"y":0.12768833339214326,"z":-0.004023508634418249,"w":0.9913141131401062},"size":1.602624773979187,"orthographic":false}