{"cameraMode":{"drawMode":0,"name":"Shaded","section":"Shading Mode"},"sceneLighting":true,"audioPlay":false,"sceneViewState":{"m_AlwaysRefresh":false,"showFog":true,"showSkybox":true,"showFlares":true,"showImageEffects":true,"showParticleSystems":true,"showVisualEffectGraphs":true,"m_FxEnabled":true},"in2DMode":false,"pivot":{"x":-0.25027400255203249,"y":0.2815204858779907,"z":0.15200668573379517},"rotation":{"x":0.13295666873455048,"y":-0.2541579008102417,"z":0.03529815003275871,"w":0.9573296308517456},"size":0.9910282492637634,"orthographic":false}