{"cameraMode":{"drawMode":0,"name":"Shaded","section":"Shading Mode"},"sceneLighting":true,"audioPlay":false,"sceneViewState":{"m_AlwaysRefresh":false,"showFog":true,"showSkybox":true,"showFlares":true,"showImageEffects":true,"showParticleSystems":true,"showVisualEffectGraphs":true,"m_FxEnabled":true},"in2DMode":false,"pivot":{"x":0.010229527950286866,"y":0.20785541832447053,"z":0.09761248528957367},"rotation":{"x":0.1793968379497528,"y":0.5581983327865601,"z":-0.1251174956560135,"w":0.8003637194633484},"size":0.23180095851421357,"orthographic":false}