{"cameraMode":{"drawMode":0,"name":"Shaded","section":"Shading Mode"},"sceneLighting":true,"audioPlay":false,"sceneViewState":{"m_AlwaysRefresh":false,"showFog":true,"showSkybox":true,"showFlares":true,"showImageEffects":true,"showParticleSystems":true,"showVisualEffectGraphs":true,"m_FxEnabled":true},"in2DMode":false,"pivot":{"x":1.5988774299621583,"y":0.5940045118331909,"z":-0.7388510704040527},"rotation":{"x":0.018614158034324647,"y":0.7240237593650818,"z":-0.01955343410372734,"w":0.6892476677894592},"size":1.8202235698699952,"orthographic":false}